{
    "name": "root",
    "gauges": {
        "BossAi.Policy.Entropy.mean": {
            "value": 1.053468108177185,
            "min": 1.053468108177185,
            "max": 1.0925445556640625,
            "count": 5
        },
        "BossAi.Policy.Entropy.sum": {
            "value": 1045.0404052734375,
            "min": 992.7415771484375,
            "max": 1110.0252685546875,
            "count": 5
        },
        "BossAi.Environment.EpisodeLength.mean": {
            "value": 7.530434782608696,
            "min": 6.336134453781512,
            "max": 8.813725490196079,
            "count": 5
        },
        "BossAi.Environment.EpisodeLength.sum": {
            "value": 866.0,
            "min": 754.0,
            "max": 908.0,
            "count": 5
        },
        "BossAi.Step.mean": {
            "value": 118996.0,
            "min": 114992.0,
            "max": 118996.0,
            "count": 5
        },
        "BossAi.Step.sum": {
            "value": 118996.0,
            "min": 114992.0,
            "max": 118996.0,
            "count": 5
        },
        "BossAi.Policy.ExtrinsicValueEstimate.mean": {
            "value": 4.751256942749023,
            "min": 4.737485408782959,
            "max": 4.819141387939453,
            "count": 5
        },
        "BossAi.Policy.ExtrinsicValueEstimate.sum": {
            "value": 546.39453125,
            "min": 483.6058654785156,
            "max": 568.65869140625,
            "count": 5
        },
        "BossAi.Policy.CuriosityValueEstimate.mean": {
            "value": 19.85555648803711,
            "min": 19.624324798583984,
            "max": 20.292646408081055,
            "count": 5
        },
        "BossAi.Policy.CuriosityValueEstimate.sum": {
            "value": 2283.388916015625,
            "min": 2031.85791015625,
            "max": 2347.39990234375,
            "count": 5
        },
        "BossAi.Environment.CumulativeReward.mean": {
            "value": 4.696825761380403,
            "min": 4.6654584079707435,
            "max": 4.782542016546605,
            "count": 5
        },
        "BossAi.Environment.CumulativeReward.sum": {
            "value": 540.1349625587463,
            "min": 486.77996373176575,
            "max": 564.3399579524994,
            "count": 5
        },
        "BossAi.Policy.ExtrinsicReward.mean": {
            "value": 4.696825761380403,
            "min": 4.6654584079707435,
            "max": 4.782542016546605,
            "count": 5
        },
        "BossAi.Policy.ExtrinsicReward.sum": {
            "value": 540.1349625587463,
            "min": 486.77996373176575,
            "max": 564.3399579524994,
            "count": 5
        },
        "BossAi.Policy.CuriosityReward.mean": {
            "value": 0.0,
            "min": 0.0,
            "max": 0.0,
            "count": 5
        },
        "BossAi.Policy.CuriosityReward.sum": {
            "value": 0.0,
            "min": 0.0,
            "max": 0.0,
            "count": 5
        },
        "BossAi.IsTraining.mean": {
            "value": 1.0,
            "min": 1.0,
            "max": 1.0,
            "count": 5
        },
        "BossAi.IsTraining.sum": {
            "value": 1.0,
            "min": 1.0,
            "max": 1.0,
            "count": 5
        }
    },
    "metadata": {
        "timer_format_version": "0.1.0",
        "start_time_seconds": "1693054261",
        "python_version": "3.9.13 (tags/v3.9.13:6de2ca5, May 17 2022, 16:36:42) [MSC v.1929 64 bit (AMD64)]",
        "command_line_arguments": "C:\\Users\\Weebston\\Desktop\\Unity\\BossBattle_2.0\\venv\\Scripts\\mlagents-learn config\\BossAi.yaml --run-id=GoodAi_Test --resume",
        "mlagents_version": "0.30.0",
        "mlagents_envs_version": "0.30.0",
        "communication_protocol_version": "1.5.0",
        "pytorch_version": "2.0.1+cpu",
        "numpy_version": "1.21.2",
        "end_time_seconds": "1693054302"
    },
    "total": 41.8550065,
    "count": 1,
    "self": 0.00897510000000068,
    "children": {
        "run_training.setup": {
            "total": 0.09459980000000012,
            "count": 1,
            "self": 0.09459980000000012
        },
        "TrainerController.start_learning": {
            "total": 41.751431600000004,
            "count": 1,
            "self": 0.040904500000031874,
            "children": {
                "TrainerController._reset_env": {
                    "total": 8.408148599999999,
                    "count": 1,
                    "self": 8.408148599999999
                },
                "TrainerController.advance": {
                    "total": 33.10893909999998,
                    "count": 1709,
                    "self": 0.03534210000000826,
                    "children": {
                        "env_step": {
                            "total": 30.40202729999996,
                            "count": 1709,
                            "self": 28.0211992,
                            "children": {
                                "SubprocessEnvManager._take_step": {
                                    "total": 2.3568640000000336,
                                    "count": 1709,
                                    "self": 0.09255030000016085,
                                    "children": {
                                        "TorchPolicy.evaluate": {
                                            "total": 2.2643136999998728,
                                            "count": 1688,
                                            "self": 2.2643136999998728
                                        }
                                    }
                                },
                                "workers": {
                                    "total": 0.023964099999925992,
                                    "count": 1709,
                                    "self": 0.0,
                                    "children": {
                                        "worker_root": {
                                            "total": 32.13255000000006,
                                            "count": 1709,
                                            "is_parallel": true,
                                            "self": 6.07395929999997,
                                            "children": {
                                                "steps_from_proto": {
                                                    "total": 0.0005098999999990639,
                                                    "count": 1,
                                                    "is_parallel": true,
                                                    "self": 0.00027859999999968466,
                                                    "children": {
                                                        "_process_rank_one_or_two_observation": {
                                                            "total": 0.00023129999999937922,
                                                            "count": 2,
                                                            "is_parallel": true,
                                                            "self": 0.00023129999999937922
                                                        }
                                                    }
                                                },
                                                "UnityEnvironment.step": {
                                                    "total": 26.058080800000088,
                                                    "count": 1709,
                                                    "is_parallel": true,
                                                    "self": 0.17165849999998883,
                                                    "children": {
                                                        "UnityEnvironment._generate_step_input": {
                                                            "total": 0.1820155000000696,