{
    "name": "root",
    "gauges": {
        "BossAi.Policy.Entropy.mean": {
            "value": 0.4341908395290375,
            "min": 0.4341908395290375,
            "max": 1.4186429977416992,
            "count": 120
        },
        "BossAi.Policy.Entropy.sum": {
            "value": 428.9805603027344,
            "min": 428.9805603027344,
            "max": 1836.664306640625,
            "count": 120
        },
        "BossAi.Environment.EpisodeLength.mean": {
            "value": 3.210970464135021,
            "min": 0.0,
            "max": 3239.0,
            "count": 102
        },
        "BossAi.Environment.EpisodeLength.sum": {
            "value": 761.0,
            "min": 0.0,
            "max": 5728.0,
            "count": 102
        },
        "BossAi.Step.mean": {
            "value": 119997.0,
            "min": 997.0,
            "max": 119997.0,
            "count": 120
        },
        "BossAi.Step.sum": {
            "value": 119997.0,
            "min": 997.0,
            "max": 119997.0,
            "count": 120
        },
        "BossAi.Policy.ExtrinsicValueEstimate.mean": {
            "value": 4.804998397827148,
            "min": -5.833995819091797,
            "max": 4.8130574226379395,
            "count": 120
        },
        "BossAi.Policy.ExtrinsicValueEstimate.sum": {
            "value": 1138.78466796875,
            "min": -184.55262756347656,
            "max": 1168.7880859375,
            "count": 120
        },
        "BossAi.Policy.CuriosityValueEstimate.mean": {
            "value": 22.8454647064209,
            "min": -2.1637966632843018,
            "max": 46.49624252319336,
            "count": 120
        },
        "BossAi.Policy.CuriosityValueEstimate.sum": {
            "value": 5414.375,
            "min": -74.59712219238281,
            "max": 5414.375,
            "count": 120
        },
        "BossAi.Environment.CumulativeReward.mean": {
            "value": 4.787974286180005,
            "min": -227.00997352600098,
            "max": 4.9574995040893555,
            "count": 102
        },
        "BossAi.Environment.CumulativeReward.sum": {
            "value": 1134.7499058246613,
            "min": -390.90495562553406,
            "max": 1163.394906282425,
            "count": 102
        },
        "BossAi.Policy.ExtrinsicReward.mean": {
            "value": 4.787974286180005,
            "min": -227.00997352600098,
            "max": 4.9574995040893555,
            "count": 102
        },
        "BossAi.Policy.ExtrinsicReward.sum": {
            "value": 1134.7499058246613,
            "min": -390.90495562553406,
            "max": 1163.394906282425,
            "count": 102
        },
        "BossAi.Policy.CuriosityReward.mean": {
            "value": 0.13970282898610653,
            "min": 0.0,
            "max": 942.7173328399658,
            "count": 102
        },
        "BossAi.Policy.CuriosityReward.sum": {
            "value": 33.10957046970725,
            "min": 0.0,
            "max": 1528.4099452495575,
            "count": 102
        },
        "BossAi.IsTraining.mean": {
            "value": 1.0,
            "min": 1.0,
            "max": 1.0,
            "count": 120
        },
        "BossAi.IsTraining.sum": {
            "value": 1.0,
            "min": 1.0,
            "max": 1.0,
            "count": 120
        },
        "BossAi.Losses.PolicyLoss.mean": {
            "value": 0.026313242688775062,
            "min": 0.026313242688775062,
            "max": 0.04470795191203555,
            "count": 23
        },
        "BossAi.Losses.PolicyLoss.sum": {
            "value": 0.026313242688775062,
            "min": 0.026313242688775062,
            "max": 0.04470795191203555,
            "count": 23
        },
        "BossAi.Losses.ValueLoss.mean": {
            "value": 0.3027512600024541,
            "min": 0.3027512600024541,
            "max": 84.10808448791504,
            "count": 23
        },
        "BossAi.Losses.ValueLoss.sum": {
            "value": 0.3027512600024541,
            "min": 0.3027512600024541,
            "max": 84.10808448791504,
            "count": 23
        },
        "BossAi.Policy.LearningRate.mean": {
            "value": 0.00022898762367079995,
            "min": 0.00022898762367079995,
            "max": 0.00029690040103320004,
            "count": 23
        },
        "BossAi.Policy.LearningRate.sum": {
            "value": 0.00022898762367079995,
            "min": 0.00022898762367079995,
            "max": 0.00029690040103320004,
            "count": 23
        },
        "BossAi.Policy.Epsilon.mean": {
            "value": 0.17632919999999994,
            "min": 0.17632919999999994,
            "max": 0.1989668,
            "count": 23
        },
        "BossAi.Policy.Epsilon.sum": {
            "value": 0.17632919999999994,
            "min": 0.17632919999999994,
            "max": 0.1989668,
            "count": 23
        },
        "BossAi.Policy.Beta.mean": {
            "value": 0.0005000000000000001,
            "min": 0.0005000000000000001,
            "max": 0.0005000000000000001,
            "count": 23
        },
        "BossAi.Policy.Beta.sum": {
            "value": 0.0005000000000000001,
            "min": 0.0005000000000000001,
            "max": 0.0005000000000000001,
            "count": 23
        },
        "BossAi.Losses.CuriosityForwardLoss.mean": {
            "value": 1.6818948149681092,
            "min": 1.6818948149681092,
            "max": 805.9284306844075,
            "count": 23
        },
        "BossAi.Losses.CuriosityForwardLoss.sum": {
            "value": 1.6818948149681092,
            "min": 1.6818948149681092,
            "max": 805.9284306844075,
            "count": 23
        },
        "BossAi.Losses.CuriosityInverseLoss.mean": {
            "value": 0.2034396191438039,
            "min": 0.2034396191438039,
            "max": 1.3436380545298259,
            "count": 23
        },
        "BossAi.Losses.CuriosityInverseLoss.sum": {
            "value": 0.2034396191438039,
            "min": 0.2034396191438039,
            "max": 1.3436380545298259,
            "count": 23
        }
    },
    "metadata": {
        "timer_format_version": "0.1.0",
        "start_time_seconds": "1693055865",
        "python_version": "3.9.13 (tags/v3.9.13:6de2ca5, May 17 2022, 16:36:42) [MSC v.1929 64 bit (AMD64)]",
        "command_line_arguments": "C:\\Users\\Weebston\\Desktop\\Unity\\BossBattle_2.0\\venv\\Scripts\\mlagents-learn config\\BossAi.yaml --run-id=Test4",
        "mlagents_version": "0.30.0",
        "mlagents_envs_version": "0.30.0",
        "communication_protocol_version": "1.5.0",
        "pytorch_version": "2.0.1+cpu",
        "numpy_version": "1.21.2",
        "end_time_seconds": "1693057109"
    },
    "total": 1244.1514914,
    "count": 1,
    "self": 0.007202900000038426,
    "children": {
        "run_training.setup": {
            "total": 0.09544970000000008,
            "count": 1,
            "self": 0.09544970000000008
        },
        "TrainerController.start_learning": {
            "total": 1244.0488387999999,
            "count": 1,
            "self": 1.1057175000132702,
            "children": {
                "TrainerController._reset_env": {
                    "total": 8.7518483,
                    "count": 1,
                    "self": 8.7518483
                },
                "TrainerController.advance": {
                    "total": 1234.0680778999867,
                    "count": 47473,
                    "self": 1.047251799998321,
                    "children": {
                        "env_step": {
                            "total": 1161.0523598999969,
                            "count": 47473,
                            "self": 1094.2698897999944,
                            "children": {
                                "SubprocessEnvManager._take_step": {
                                    "total": 66.08485889999066,